init_date,valid_date,lead_hours,region,forecast_precip_mm,forecast_temp_c,observed_precip_mm,regime,forecast_error_mm,month,doy,predicted_regime,corrected_precip_mm,corrected_error_mm,abs_corrected_error,is_bust,regime_confidence,bust_probability
2023-06-01,2023-06-04,72,Maharashtra,0.0437791384756565,29.631677246093773,3.740820407867432,break,-3.697041269391776,6,155,break,3.256592341601404,-0.4842280662660281,0.4842280662660281,0,1.0,0.19581803005115944
2023-06-02,2023-06-05,72,Maharashtra,0.1243444085121154,29.118035888671898,0.1155939325690269,break,0.0087504759430884,6,156,break,3.337157611637863,3.221563679068836,3.221563679068836,0,1.0,0.20222921084375167
2023-06-03,2023-06-06,72,Maharashtra,0.1331585049629211,29.167657470703148,0.2092629820108413,break,-0.0761044770479202,6,157,break,3.3459717080886686,3.1367087260778272,3.1367087260778272,0,1.0,0.20467407467557006
2023-06-04,2023-06-07,72,Maharashtra,0.0633741244673729,29.105584716796898,0.6966773271560669,break,-0.633303202688694,6,158,break,3.2761873275931204,2.5795100004370535,2.5795100004370535,0,1.0,0.20265553519494578
2023-06-05,2023-06-08,72,Maharashtra,0.0745192319154739,29.219110107421898,0.6524190306663513,break,-0.5778997987508774,6,159,break,3.2873324350412214,2.63491340437487,2.63491340437487,0,1.0,0.20523738466574412
2023-06-06,2023-06-09,72,Maharashtra,0.2062937021255493,28.972436523437523,0.7010871171951294,break,-0.4947934150695801,6,160,break,3.419106905251297,2.7180197880561674,2.7180197880561674,0,1.0,0.2148865765944705
2023-06-07,2023-06-10,72,Maharashtra,0.2356497645378112,28.885186767578148,2.9256060123443604,break,-2.689956247806549,6,161,break,3.4484629676635588,0.5228569553191984,0.5228569553191984,0,1.0,0.21866966882864636
2023-06-08,2023-06-11,72,Maharashtra,0.6663752794265747,28.153405761718773,0.9341292977333068,break,-0.267754018306732,6,162,break,3.879188482552322,2.9450591848190153,2.9450591848190153,0,0.985,0.24884612604474715
2023-06-09,2023-06-12,72,Maharashtra,0.8638548851013184,27.85079345703128,0.6969135403633118,break,0.1669413447380066,6,163,break,4.076668088227066,3.3797545478637545,3.3797545478637545,0,1.0,0.26320368520150217
2023-06-10,2023-06-13,72,Maharashtra,0.3527098000049591,28.462823486328148,0.4965474307537079,break,-0.1438376307487487,6,164,break,3.5655230031307066,3.0689755723769987,3.0689755723769987,0,0.975,0.2338321476133536
2023-06-11,2023-06-14,72,Maharashtra,0.2893356680870056,28.395166015625023,0.3376920223236084,break,-0.0483563542366027,6,165,break,3.502148871212753,3.1644568488891447,3.1644568488891447,0,1.0,0.2302970789415202
2023-06-12,2023-06-15,72,Maharashtra,0.1500582695007324,28.221459960937523,0.0286991707980632,break,0.1213590987026692,6,166,break,3.36287147262648,3.3341723018284166,3.3341723018284166,0,1.0,0.22384068220586983
2023-06-13,2023-06-16,72,Maharashtra,0.1525349617004394,28.219750976562523,0.102275975048542,break,0.0502589866518974,6,167,break,3.365348164826187,3.263072189777645,3.263072189777645,0,1.0,0.22608399006953425
2023-06-14,2023-06-17,72,Maharashtra,0.1315559446811676,28.228814697265648,0.1849124580621719,break,-0.0533565133810043,6,168,break,3.344369147806915,3.159456689744743,3.159456689744743,0,1.0,0.22689866017652763
2023-06-15,2023-06-18,72,Maharashtra,0.1277680695056915,28.570184326171898,0.4918260276317596,break,-0.3640579581260681,6,169,break,3.340581272631439,2.8487552449996794,2.8487552449996794,0,1.0,0.22877615707208004
2023-06-16,2023-06-19,72,Maharashtra,0.1752622425556183,27.978692626953148,0.2789344787597656,break,-0.1036722362041473,6,170,break,3.3880754456813658,3.1091409669216,3.1091409669216,0,1.0,0.2338677668328448
2023-06-17,2023-06-20,72,Maharashtra,0.2990238964557647,28.227960205078148,1.0540201663970947,break,-0.75499626994133,6,171,break,3.511837099581512,2.457816933184417,2.457816933184417,0,1.0,0.2439309687312559
2023-06-18,2023-06-21,72,Maharashtra,0.2749854326248169,27.981622314453148,2.353454351425171,break,-2.078468918800354,6,172,break,3.4877986357505644,1.1343442843253935,1.1343442843253935,0,1.0,0.24459153943973413
2023-06-19,2023-06-22,72,Maharashtra,0.2265442907810211,27.522637939453148,4.031919479370117,break,-3.805375188589096,6,173,break,3.4393574939067686,-0.5925619854633486,0.5925619854633486,0,1.0,0.24367448835758526
2023-06-20,2023-06-23,72,Maharashtra,0.7903555035591125,26.944421386718773,8.026448249816895,break,-7.236092746257782,6,174,break,4.0031687066848605,-4.023279543132034,4.023279543132034,0,1.0,0.2843182059778133
2023-06-21,2023-06-24,72,Maharashtra,1.4592074155807495,25.782861328125023,12.0182523727417,break,-10.55904495716095,6,175,break,4.672020618706497,-7.346231754035202,7.346231754035202,0,0.905,0.3451941057094228
2023-06-22,2023-06-25,72,Maharashtra,0.8625437021255493,25.819268798828148,8.153011322021484,break,-7.290467619895935,6,176,break,4.075356905251297,-4.077654416770187,4.077654416770187,0,0.95,0.29847206483643546
2023-06-23,2023-06-26,72,Maharashtra,1.5598047971725464,24.887872314453148,12.776752471923828,active,-11.216947674751282,6,177,active,12.52970508256784,-0.2470473893559877,0.2470473893559877,0,0.935,0.35604784545854384
2023-06-24,2023-06-27,72,Maharashtra,3.3782780170440674,24.5153747558594,17.421796798706055,active,-14.043518781661987,6,178,active,14.34817830243936,-3.073618496266695,3.073618496266695,0,0.995,0.5083261501778534
2023-06-25,2023-06-28,72,Maharashtra,2.508595466613769,24.134118652343773,17.285057067871094,active,-14.776461601257324,6,179,active,13.478495752009062,-3.806561315862032,3.806561315862032,0,1.0,0.43505330907503303
2023-06-26,2023-06-29,72,Maharashtra,1.6541374921798706,24.016778564453148,10.723336219787598,active,-9.069198727607729,6,180,active,12.624037777575165,1.900701557787567,1.900701557787567,0,1.0,0.3661955485300562
2023-06-27,2023-06-30,72,Maharashtra,4.707458972930908,24.423913574218773,9.85964298248291,active,-5.152184009552002,6,181,active,15.6773592583262,5.81771627584329,5.81771627584329,1,1.0,0.6301772946242549
2023-06-28,2023-07-01,72,Maharashtra,3.62128496170044,24.30562744140628,7.745876312255859,active,-4.12459135055542,7,182,active,14.591185247095732,6.845308934839872,6.845308934839872,0,0.995,0.5626745987699328
2023-06-29,2023-07-02,72,Maharashtra,0.8717220425605774,25.220056152343773,5.358013153076172,active,-4.4862911105155945,7,183,active,11.84162232795587,6.483609174879698,6.483609174879698,0,0.935,0.33715514525603535
2023-06-30,2023-07-03,72,Maharashtra,0.9441288113594056,25.920922851562523,6.387117385864258,break,-5.442988574504852,7,184,break,4.156942014485153,-2.2301753713791044,2.2301753713791044,0,0.795,0.3578582010558629
2023-07-01,2023-07-04,72,Maharashtra,5.275859355926514,25.533959960937523,22.743701934814453,active,-17.46784257888794,7,185,break,8.488672559052262,-14.255029375762192,14.255029375762192,1,0.58,0.7364436344422254
2023-07-02,2023-07-05,72,Maharashtra,6.257648468017578,24.82442626953128,15.740690231323242,active,-9.483041763305664,7,186,active,17.22754875341287,1.4868585220896264,1.4868585220896264,1,1.0,0.77234273924236
2023-07-03,2023-07-06,72,Maharashtra,5.169434547424316,24.239312744140648,15.159356117248535,active,-9.98992156982422,7,187,active,16.139334832819607,0.9799787155710717,0.9799787155710717,1,1.0,0.7010691643079502
2023-07-04,2023-07-07,72,Maharashtra,6.26245641708374,23.759393310546898,13.584771156311035,active,-7.322314739227295,7,188,active,17.23235670247903,3.6475855461679956,3.6475855461679956,1,1.0,0.7768267776354996
2023-07-05,2023-07-08,72,Maharashtra,1.856643319129944,23.953393554687523,12.035481452941896,active,-10.178838133811952,7,189,active,12.826543604525236,0.7910621515833398,0.7910621515833398,0,1.0,0.4294612854698527
2023-07-06,2023-07-09,72,Maharashtra,0.8477563858032227,24.3159118652344,7.089992523193359,active,-6.242236137390137,7,190,active,11.817656671198517,4.727664148005157,4.727664148005157,0,0.965,0.3516113238785726
2023-07-07,2023-07-10,72,Maharashtra,0.937062919139862,24.469140625000023,7.0074639320373535,active,-6.070401012897492,7,191,active,11.906963204535154,4.899499272497801,4.899499272497801,0,0.99,0.35931970678486935
2023-07-08,2023-07-11,72,Maharashtra,0.7275640964508057,24.43258056640628,16.543922424316406,active,-15.8163583278656,7,192,active,11.697464381846098,-4.846458042470308,4.846458042470308,0,0.945,0.34924502295665466
2023-07-09,2023-07-12,72,Maharashtra,1.0434149503707886,24.844018554687523,9.772382736206056,active,-8.728967785835268,7,193,active,12.01331523576608,2.2409324995600244,2.2409324995600244,0,1.0,0.3726370007909452
2023-07-10,2023-07-13,72,Maharashtra,0.4139714539051056,24.108239746093773,9.175885200500488,active,-8.761913746595383,7,194,active,11.383871739300398,2.2079865387999096,2.2079865387999096,0,0.82,0.34073308339056624
2023-07-11,2023-07-14,72,Maharashtra,0.5965909361839294,24.520318603515648,8.97434139251709,active,-8.37775045633316,7,195,active,11.566491221579222,2.592149829062132,2.592149829062132,0,0.965,0.3452577276918326
2023-07-12,2023-07-15,72,Maharashtra,1.6061334609985352,24.690270996093773,13.9805908203125,active,-12.374457359313965,7,196,active,12.576033746393827,-1.4045570739186726,1.4045570739186726,0,1.0,0.4285404576971036
2023-07-13,2023-07-16,72,Maharashtra,2.8667685985565186,23.589654541015648,11.504498481750488,active,-8.63772988319397,7,197,active,13.83666888395181,2.3321704022013225,2.3321704022013225,0,1.0,0.5413502731585427
2023-07-14,2023-07-17,72,Maharashtra,1.3306381702423096,23.482293701171898,17.234603881835938,active,-15.903965711593628,7,198,active,12.300538455637602,-4.934065426198336,4.934065426198336,0,1.0,0.41088348186307755
2023-07-15,2023-07-18,72,Maharashtra,1.402462124824524,23.737481689453148,35.33662414550781,active,-33.93416202068329,7,199,active,12.372362410219816,-22.964261735287998,22.964261735287998,0,1.0,0.4199067710893473
2023-07-16,2023-07-19,72,Maharashtra,1.7387092113494873,23.685205078125023,27.36490249633789,active,-25.626193284988403,7,200,active,12.70860949674478,-14.656292999593111,14.656292999593111,0,1.0,0.45180687273747605
2023-07-17,2023-07-20,72,Maharashtra,1.001019835472107,23.510156250000023,22.94440269470215,active,-21.94338285923004,7,201,active,11.9709201208674,-10.97348257383475,10.97348257383475,0,0.985,0.3931719903700782
2023-07-18,2023-07-21,72,Maharashtra,0.6302447319030762,23.6193786621094,31.932228088378903,active,-31.301983356475827,7,202,active,11.600145017298368,-20.332083071080532,20.332083071080532,0,0.96,0.367666111009412
2023-07-19,2023-07-22,72,Maharashtra,1.8202214241027832,23.98458251953128,20.57537651062012,active,-18.755155086517338,7,203,active,12.790121709498075,-7.785254801122045,7.785254801122045,0,1.0,0.46783868302870557
2023-07-20,2023-07-23,72,Maharashtra,1.0571095943450928,23.685449218750023,13.58071231842041,active,-12.523602724075316,7,204,active,12.027009879740383,-1.5537024386800269,1.5537024386800269,0,1.0,0.40512983560328786
2023-07-21,2023-07-24,72,Maharashtra,1.6195367574691772,23.89376220703128,14.788373947143556,active,-13.16883718967438,7,205,active,12.58943704286447,-2.198936904279087,2.198936904279087,0,1.0,0.4563306975459275
2023-07-22,2023-07-25,72,Maharashtra,3.7198426723480233,23.542260742187523,22.808794021606445,active,-19.088951349258423,7,206,active,14.689742957743317,-8.119051063863129,8.119051063863129,1,1.0,0.6393615415415015
2023-07-23,2023-07-26,72,Maharashtra,5.508450031280518,23.558770751953148,37.872894287109375,active,-32.36444425582886,7,207,active,16.478350316675808,-21.394543970433567,21.394543970433567,1,1.0,0.770498193347318
2023-07-24,2023-07-27,72,Maharashtra,8.20272445678711,23.47530517578128,37.262508392333984,active,-29.059783935546875,7,208,active,19.1726247421824,-18.089883650151585,18.089883650151585,1,1.0,0.8972380322168266
2023-07-25,2023-07-28,72,Maharashtra,5.023819923400879,23.592797851562523,10.083449363708496,active,-5.059629440307617,7,209,active,15.993720208796171,5.910270845087675,5.910270845087675,1,1.0,0.7437140015808639
2023-07-26,2023-07-29,72,Maharashtra,1.6984994411468506,22.9252868652344,1.950772762298584,active,-0.2522733211517334,7,210,active,12.668399726542145,10.71762696424356,10.71762696424356,0,1.0,0.47814668593026116
2023-07-27,2023-07-30,72,Maharashtra,0.5423222780227661,23.023797607421898,2.1207425594329834,active,-1.5784202814102173,7,211,active,11.512222563418058,9.391480003985075,9.391480003985075,0,0.83,0.39772768199620295
2023-07-28,2023-07-31,72,Maharashtra,1.0381702184677124,23.714990234375023,3.168473958969116,active,-2.130303740501404,7,212,active,12.008070503863005,8.839596544893888,8.839596544893888,0,0.935,0.43297475601555313
2023-07-29,2023-08-01,72,Maharashtra,3.620119571685791,23.7241149902344,3.967720031738281,break,-0.3476004600524898,8,213,break,6.832932774811539,2.865212743073258,2.865212743073258,1,0.87,0.6807803631843206
2023-07-30,2023-08-02,72,Maharashtra,1.426573395729065,23.674249267578148,8.372653007507324,break,-6.946079611778259,8,214,break,4.639386598854813,-3.7332664086525114,3.7332664086525114,0,0.975,0.49012804820259537
2023-07-31,2023-08-03,72,Maharashtra,1.5634469985961914,23.586114501953148,12.81719207763672,break,-11.25374507904053,8,215,break,4.776260201721939,-8.040931875914781,8.040931875914781,0,0.98,0.5046309478291733
2023-08-01,2023-08-04,72,Maharashtra,1.1244173049926758,23.212579345703148,1.5575602054595947,break,-0.4331429004669189,8,216,break,4.337230508118424,2.779670302658829,2.779670302658829,0,0.945,0.47258396580589296
2023-08-02,2023-08-05,72,Maharashtra,0.684003472328186,23.477838134765648,0.4436182081699371,break,0.2403852641582489,8,217,break,3.8968166754539335,3.4531984672839964,3.4531984672839964,0,0.975,0.4344760215877862
2023-08-03,2023-08-06,72,Maharashtra,0.3608683049678802,23.497644042968773,0.4888158738613128,break,-0.1279475688934326,8,218,break,3.573681508093628,3.0848656342323153,3.0848656342323153,0,1.0,0.4074684279337497
2023-08-04,2023-08-07,72,Maharashtra,0.3956148028373718,23.488946533203148,0.4428153038024902,break,-0.0472005009651183,8,219,break,3.6084280059631193,3.165612702160629,3.165612702160629,0,1.0,0.4133168474203489
2023-08-05,2023-08-08,72,Maharashtra,0.2981497645378113,23.55758056640628,0.7529640793800354,break,-0.4548143148422241,8,220,break,3.5109629676635588,2.7579988882835234,2.7579988882835234,0,1.0,0.4079581663935574
2023-08-06,2023-08-09,72,Maharashtra,0.3714306652545929,23.367456054687523,0.6160570383071899,break,-0.244626373052597,8,221,break,3.5842438683803404,2.9681868300731504,2.9681868300731504,0,1.0,0.41708675768811676
2023-08-07,2023-08-10,72,Maharashtra,0.5056818127632141,23.3762145996094,0.5485551357269287,break,-0.0428733229637146,8,222,break,3.7184950158889616,3.169939880162033,3.169939880162033,0,1.0,0.43150382251936703
2023-08-08,2023-08-11,72,Maharashtra,0.5127476453781128,23.667779541015648,0.6611539721488953,break,-0.1484063267707824,8,223,break,3.72556084850386,3.0644068763549646,3.0644068763549646,0,0.995,0.4355316193693949
2023-08-09,2023-08-12,72,Maharashtra,0.4292686581611633,23.785668945312523,0.8925894498825073,break,-0.463320791721344,8,224,break,3.642081861286911,2.7494924114044035,2.7494924114044035,0,0.965,0.4341358550102205
2023-08-10,2023-08-13,72,Maharashtra,0.2612907886505127,23.409753417968773,0.7152494192123413,break,-0.4539586305618286,8,225,break,3.47410399177626,2.758854572563919,2.758854572563919,0,1.0,0.41937744842382624
2023-08-11,2023-08-14,72,Maharashtra,0.2251602560281753,23.732202148437523,2.0754196643829346,break,-1.8502594083547592,8,226,break,3.437973459153923,1.3625537947709883,1.3625537947709883,0,1.0,0.4192174021463233
2023-08-12,2023-08-15,72,Maharashtra,0.2942161858081817,23.561547851562523,1.2900809049606323,break,-0.9958647191524506,8,227,break,3.507029388933929,2.2169484839732965,2.2169484839732965,0,1.0,0.42805325341018763
2023-08-13,2023-08-16,72,Maharashtra,0.2228292524814605,23.47774658203128,0.7786887288093567,break,-0.5558594763278962,8,228,break,3.435642455607208,2.6569537267978514,2.6569537267978514,0,1.0,0.4248717770022679
2023-08-14,2023-08-17,72,Maharashtra,0.1285693496465683,23.481378173828148,8.64005184173584,break,-8.511482492089272,8,229,break,3.341382552772316,-5.298669288963524,5.298669288963524,0,1.0,0.4197438243759396
2023-08-15,2023-08-18,72,Maharashtra,0.4120046496391296,23.485223388671898,12.964486122131348,break,-12.552481472492218,8,230,break,3.624817852764877,-9.33966826936647,9.33966826936647,0,0.995,0.4475402582563734
2023-08-16,2023-08-19,72,Maharashtra,1.7303321361541748,23.154565429687523,13.712803840637209,break,-11.982471704483034,8,231,break,4.943145339279923,-8.769658501357286,8.769658501357286,0,0.93,0.571564615216676
2023-08-17,2023-08-20,72,Maharashtra,0.9884907007217408,22.036492919921898,1.9119642972946167,break,-0.923473596572876,8,232,break,4.201303903847489,2.289339606552872,2.289339606552872,0,0.93,0.5100926273431853
2023-08-18,2023-08-21,72,Maharashtra,0.5421037077903748,22.19185791015628,0.4777061641216278,break,0.0643975436687469,8,233,break,3.754916910916122,3.277210746794494,3.277210746794494,0,0.925,0.4745063062465911
2023-08-19,2023-08-22,72,Maharashtra,0.2660256326198578,23.044763183593773,1.3873212337493896,break,-1.121295601129532,8,234,break,3.4788388357456053,2.0915176019962156,2.0915176019962156,0,0.99,0.4472405342171873
2023-08-20,2023-08-23,72,Maharashtra,0.5547785758972168,23.396356201171898,2.7913637161254883,break,-2.2365851402282715,8,235,break,3.767591779022964,0.9762280628974755,0.9762280628974755,0,0.99,0.47535002959914896
2023-08-21,2023-08-24,72,Maharashtra,0.3748543262481689,23.579888916015648,3.543219804763794,break,-3.168365478515625,8,236,break,3.5876675293739164,0.044447724610122474,0.044447724610122474,0,1.0,0.4616849216039424
2023-08-22,2023-08-25,72,Maharashtra,0.8342074751853943,23.618310546875023,6.094995975494385,break,-5.260788500308991,8,237,break,4.047020678311142,-2.0479752971832426,2.0479752971832426,0,0.975,0.5072447811357206
2023-08-23,2023-08-26,72,Maharashtra,0.5730623602867126,23.317010498046898,2.9580836296081543,break,-2.3850212693214417,8,238,break,3.78587556341246,0.8277919338043058,0.8277919338043058,0,0.995,0.4854526590179364
2023-08-24,2023-08-27,72,Maharashtra,0.6321386694908142,22.896508789062523,1.8494079113006592,break,-1.217269241809845,8,239,break,3.8449518726165617,1.9955439613159025,1.9955439613159025,0,0.89,0.5037397624546934
2023-08-25,2023-08-28,72,Maharashtra,0.5394813418388367,22.892938232421898,1.0163356065750122,break,-0.4768542647361755,8,240,break,3.752294544964584,2.735958938389572,2.735958938389572,0,0.975,0.4904356371955967
2023-08-26,2023-08-29,72,Maharashtra,0.3876019716262817,22.7548767089844,0.4644916951656341,break,-0.0768897235393524,8,241,break,3.600415174752029,3.135923479586395,3.135923479586395,0,0.99,0.47870115094489546
2023-08-27,2023-08-30,72,Maharashtra,0.0845716819167137,23.0961853027344,0.3533019423484802,break,-0.2687302604317665,8,242,break,3.297384885042461,2.944082942693981,2.944082942693981,0,0.99,0.45527066630231333
2023-08-28,2023-08-31,72,Maharashtra,0.2456293702125549,24.043634033203148,1.1320838928222656,break,-0.8864545226097107,8,243,break,3.4584425733383024,2.326358680516037,2.326358680516037,0,0.995,0.4718029013306162
2023-08-29,2023-09-01,72,Maharashtra,0.2751311063766479,24.1310974121094,1.3622562885284424,break,-1.0871251821517944,9,244,break,3.4879443095023954,2.125688020973953,2.125688020973953,0,0.97,0.5011646605661321
2023-08-30,2023-09-02,72,Maharashtra,0.7981497645378113,24.218591308593773,9.559320449829102,break,-8.76117068529129,9,245,break,4.010962967663559,-5.548357482165542,5.548357482165542,0,0.91,0.5555184824154078
2023-08-31,2023-09-03,72,Maharashtra,2.543852090835572,23.8857360839844,13.777984619140623,break,-11.234132528305052,9,246,break,5.756665293961319,-8.021319325179304,8.021319325179304,1,0.925,0.6986157125512212
2023-09-01,2023-09-04,72,Maharashtra,3.0729894638061523,23.486840820312523,11.296725273132324,break,-8.223735809326172,9,247,break,6.2858026669319,-5.010922606200424,5.010922606200424,1,0.925,0.7384766135400078
2023-09-02,2023-09-05,72,Maharashtra,2.5182838439941406,22.739648437500023,10.156848907470703,active,-7.638565063476562,9,248,break,5.7310970471198885,-4.425751860350815,4.425751860350815,1,0.61,0.726546932074871
2023-09-03,2023-09-06,72,Maharashtra,4.225597381591797,23.1931091308594,8.736355781555176,active,-4.510758399963379,9,249,active,15.19549766698709,6.459141885431913,6.459141885431913,1,0.905,0.8135919581263583
2023-09-04,2023-09-07,72,Maharashtra,4.707458972930908,23.3503356933594,14.332871437072754,active,-9.625412464141846,9,250,active,15.6773592583262,1.3444878212534466,1.3444878212534466,1,0.83,0.8433305040560621
2023-09-05,2023-09-08,72,Maharashtra,3.072115421295166,23.287927246093773,16.4732723236084,active,-13.401156902313232,9,251,active,14.042015706690458,-2.43125661691794,2.43125661691794,1,0.825,0.7547854886020394
2023-09-06,2023-09-09,72,Maharashtra,1.317453384399414,23.059716796875023,5.803734302520752,active,-4.486280918121338,9,252,active,12.287353669794706,6.483619367273954,6.483619367273954,1,0.89,0.6216604992034156
2023-09-07,2023-09-10,72,Maharashtra,0.8268502354621887,23.264947509765648,4.745981693267822,active,-3.9191314578056335,9,253,active,11.79675052085748,7.050768827589657,7.050768827589657,0,0.83,0.5890099708868745
2023-09-08,2023-09-11,72,Maharashtra,1.1809440851211548,22.8622985839844,2.357877492904663,active,-1.1769334077835083,9,254,active,12.150844370516449,9.792966877611786,9.792966877611786,1,0.77,0.6269223333740195
2023-09-09,2023-09-12,72,Maharashtra,1.0552884340286257,23.056085205078148,2.210803747177124,break,-1.1555153131484983,9,255,break,4.268101637154373,2.0572978899772494,2.0572978899772494,1,0.68,0.6275474008873968
2023-09-10,2023-09-13,72,Maharashtra,0.7787004709243774,22.900231933593773,4.986971855163574,break,-4.208271384239197,9,256,active,11.74860075631967,6.7616289011560955,6.7616289011560955,1,0.67,0.6084202173730476
2023-09-11,2023-09-14,72,Maharashtra,1.9029719829559328,22.907586669921898,9.590147018432615,break,-7.687175035476683,9,257,active,12.872872268351223,3.2827252499186077,3.2827252499186077,1,0.595,0.705869451029647
2023-09-12,2023-09-15,72,Maharashtra,1.1813082695007324,22.671685791015648,16.538307189941406,break,-15.356998920440674,9,258,break,4.39412147262648,-12.144185717314926,12.144185717314926,1,0.675,0.6465199507510798
2023-09-13,2023-09-16,72,Maharashtra,3.4718823432922363,22.567407226562523,13.949082374572754,active,-10.477200031280518,9,259,active,14.441782628687529,0.4927002541147747,0.4927002541147747,1,0.56,0.8119102588032264
2023-09-14,2023-09-17,72,Maharashtra,1.33500874042511,22.018640136718773,3.0475807189941406,active,-1.7125719785690303,9,260,active,12.304909025820402,9.257328306826262,9.257328306826262,1,0.835,0.6502055007687373
2023-09-15,2023-09-18,72,Maharashtra,0.7526952028274536,22.302117919921898,0.9067911505699158,active,-0.1540959477424621,9,261,active,11.722595488222746,10.81580433765283,10.81580433765283,1,0.86,0.6030825995036321
2023-09-16,2023-09-19,72,Maharashtra,0.4983246028423309,23.07857666015628,0.9034242630004884,break,-0.4050996601581575,9,262,break,3.7111378059680784,2.80771354296759,2.80771354296759,0,0.87,0.5835506929730236
2023-09-17,2023-09-20,72,Maharashtra,0.4793123602867126,23.479913330078148,6.760038375854492,break,-6.28072601556778,9,263,break,3.69212556341246,-3.067912812442032,3.067912812442032,0,0.945,0.5778117613109993
2023-09-18,2023-09-21,72,Maharashtra,2.803467273712158,23.360498046875023,19.320316314697266,break,-16.516849040985107,9,264,break,6.016280476837906,-13.30403583785936,13.30403583785936,1,0.765,0.7701764553500097
2023-09-19,2023-09-22,72,Maharashtra,4.62725830078125,23.234033203125023,12.22842788696289,break,-7.601169586181641,9,265,active,15.597158586176542,3.3687306992136516,3.3687306992136516,1,0.74,0.8664352388590914
2023-09-20,2023-09-23,72,Maharashtra,0.9696969985961914,22.797723388671898,14.885294914245604,active,-13.915597915649412,9,266,active,11.939597283991484,-2.94569763025412,2.94569763025412,1,0.95,0.6270644520391139
2023-09-21,2023-09-24,72,Maharashtra,1.0257139205932615,22.579248046875023,9.552360534667969,active,-8.526646614074707,9,267,active,11.995614205988554,2.4432536713205852,2.4432536713205852,1,0.9,0.6388871634730868
2023-09-22,2023-09-25,72,Maharashtra,0.8326048851013184,22.799584960937523,6.588942050933838,active,-5.75633716583252,9,268,active,11.80250517049661,5.213563119562773,5.213563119562773,1,0.965,0.6200681736567502
2023-09-23,2023-09-26,72,Maharashtra,0.956512212753296,22.7404724121094,11.853008270263672,active,-10.896496057510376,9,269,active,11.926412498148588,0.0734042278849163,0.0734042278849163,1,0.955,0.6339255161880865
2023-09-24,2023-09-27,72,Maharashtra,1.2469406127929688,23.270867919921898,4.674537658691406,active,-3.427597045898437,9,270,active,12.21684089818826,7.542303239496853,7.542303239496853,1,0.83,0.6706241560661501
2023-09-25,2023-09-28,72,Maharashtra,1.6345425844192505,23.657617187500023,7.275720596313477,break,-5.641178011894226,9,271,break,4.847355787544998,-2.428364808768478,2.428364808768478,1,0.71,0.711983280007377
2023-09-26,2023-09-29,72,Maharashtra,1.7009761333465576,23.666528320312523,10.696734428405762,active,-8.995758295059204,9,272,active,12.67087641874185,1.9741419903360882,1.9741419903360882,1,0.675,0.721878073391773
2023-09-27,2023-09-30,72,Maharashtra,1.719041347503662,23.667108154296898,8.521261215209961,active,-6.802219867706299,9,273,active,12.688941632898954,4.167680417688993,4.167680417688993,1,0.675,0.7255425802080199
