init_date,valid_date,lead_hours,region,forecast_precip_mm,forecast_temp_c
2023-06-01,2023-06-04,72,Maharashtra,0.04377913847565651,29.631677246093773
2023-06-02,2023-06-05,72,Maharashtra,0.12434440851211548,29.118035888671898
2023-06-03,2023-06-06,72,Maharashtra,0.13315850496292114,29.167657470703148
2023-06-04,2023-06-07,72,Maharashtra,0.0633741244673729,29.105584716796898
2023-06-05,2023-06-08,72,Maharashtra,0.07451923191547394,29.219110107421898
2023-06-06,2023-06-09,72,Maharashtra,0.20629370212554932,28.972436523437523
2023-06-07,2023-06-10,72,Maharashtra,0.23564976453781128,28.885186767578148
2023-06-08,2023-06-11,72,Maharashtra,0.6663752794265747,28.153405761718773
2023-06-09,2023-06-12,72,Maharashtra,0.8638548851013184,27.850793457031273
2023-06-10,2023-06-13,72,Maharashtra,0.3527098000049591,28.462823486328148
2023-06-11,2023-06-14,72,Maharashtra,0.2893356680870056,28.395166015625023
2023-06-12,2023-06-15,72,Maharashtra,0.15005826950073242,28.221459960937523
2023-06-13,2023-06-16,72,Maharashtra,0.15253496170043945,28.219750976562523
2023-06-14,2023-06-17,72,Maharashtra,0.1315559446811676,28.228814697265648
2023-06-15,2023-06-18,72,Maharashtra,0.12776806950569153,28.570184326171898
2023-06-16,2023-06-19,72,Maharashtra,0.1752622425556183,27.978692626953148
2023-06-17,2023-06-20,72,Maharashtra,0.29902389645576477,28.227960205078148
2023-06-18,2023-06-21,72,Maharashtra,0.2749854326248169,27.981622314453148
2023-06-19,2023-06-22,72,Maharashtra,0.22654429078102112,27.522637939453148
2023-06-20,2023-06-23,72,Maharashtra,0.7903555035591125,26.944421386718773
2023-06-21,2023-06-24,72,Maharashtra,1.4592074155807495,25.782861328125023
2023-06-22,2023-06-25,72,Maharashtra,0.8625437021255493,25.819268798828148
2023-06-23,2023-06-26,72,Maharashtra,1.5598047971725464,24.887872314453148
2023-06-24,2023-06-27,72,Maharashtra,3.3782780170440674,24.515374755859398
2023-06-25,2023-06-28,72,Maharashtra,2.5085954666137695,24.134118652343773
2023-06-26,2023-06-29,72,Maharashtra,1.6541374921798706,24.016778564453148
2023-06-27,2023-06-30,72,Maharashtra,4.707458972930908,24.423913574218773
2023-06-28,2023-07-01,72,Maharashtra,3.6212849617004395,24.305627441406273
2023-06-29,2023-07-02,72,Maharashtra,0.8717220425605774,25.220056152343773
2023-06-30,2023-07-03,72,Maharashtra,0.9441288113594055,25.920922851562523
2023-07-01,2023-07-04,72,Maharashtra,5.275859355926514,25.533959960937523
2023-07-02,2023-07-05,72,Maharashtra,6.257648468017578,24.824426269531273
2023-07-03,2023-07-06,72,Maharashtra,5.169434547424316,24.239312744140648
2023-07-04,2023-07-07,72,Maharashtra,6.26245641708374,23.759393310546898
2023-07-05,2023-07-08,72,Maharashtra,1.8566433191299438,23.953393554687523
2023-07-06,2023-07-09,72,Maharashtra,0.8477563858032227,24.315911865234398
2023-07-07,2023-07-10,72,Maharashtra,0.9370629191398621,24.469140625000023
2023-07-08,2023-07-11,72,Maharashtra,0.7275640964508057,24.432580566406273
2023-07-09,2023-07-12,72,Maharashtra,1.0434149503707886,24.844018554687523
2023-07-10,2023-07-13,72,Maharashtra,0.4139714539051056,24.108239746093773
2023-07-11,2023-07-14,72,Maharashtra,0.5965909361839294,24.520318603515648
2023-07-12,2023-07-15,72,Maharashtra,1.6061334609985352,24.690270996093773
2023-07-13,2023-07-16,72,Maharashtra,2.8667685985565186,23.589654541015648
2023-07-14,2023-07-17,72,Maharashtra,1.3306381702423096,23.482293701171898
2023-07-15,2023-07-18,72,Maharashtra,1.402462124824524,23.737481689453148
2023-07-16,2023-07-19,72,Maharashtra,1.7387092113494873,23.685205078125023
2023-07-17,2023-07-20,72,Maharashtra,1.001019835472107,23.510156250000023
2023-07-18,2023-07-21,72,Maharashtra,0.6302447319030762,23.619378662109398
2023-07-19,2023-07-22,72,Maharashtra,1.8202214241027832,23.984582519531273
2023-07-20,2023-07-23,72,Maharashtra,1.0571095943450928,23.685449218750023
2023-07-21,2023-07-24,72,Maharashtra,1.6195367574691772,23.893762207031273
2023-07-22,2023-07-25,72,Maharashtra,3.7198426723480225,23.542260742187523
2023-07-23,2023-07-26,72,Maharashtra,5.508450031280518,23.558770751953148
2023-07-24,2023-07-27,72,Maharashtra,8.20272445678711,23.475305175781273
2023-07-25,2023-07-28,72,Maharashtra,5.023819923400879,23.592797851562523
2023-07-26,2023-07-29,72,Maharashtra,1.6984994411468506,22.925286865234398
2023-07-27,2023-07-30,72,Maharashtra,0.5423222780227661,23.023797607421898
2023-07-28,2023-07-31,72,Maharashtra,1.0381702184677124,23.714990234375023
2023-07-29,2023-08-01,72,Maharashtra,3.620119571685791,23.724114990234398
2023-07-30,2023-08-02,72,Maharashtra,1.426573395729065,23.674249267578148
2023-07-31,2023-08-03,72,Maharashtra,1.5634469985961914,23.586114501953148
2023-08-01,2023-08-04,72,Maharashtra,1.1244173049926758,23.212579345703148
2023-08-02,2023-08-05,72,Maharashtra,0.684003472328186,23.477838134765648
2023-08-03,2023-08-06,72,Maharashtra,0.36086830496788025,23.497644042968773
2023-08-04,2023-08-07,72,Maharashtra,0.3956148028373718,23.488946533203148
2023-08-05,2023-08-08,72,Maharashtra,0.2981497645378113,23.557580566406273
2023-08-06,2023-08-09,72,Maharashtra,0.3714306652545929,23.367456054687523
2023-08-07,2023-08-10,72,Maharashtra,0.5056818127632141,23.376214599609398
2023-08-08,2023-08-11,72,Maharashtra,0.5127476453781128,23.667779541015648
2023-08-09,2023-08-12,72,Maharashtra,0.42926865816116333,23.785668945312523
2023-08-10,2023-08-13,72,Maharashtra,0.2612907886505127,23.409753417968773
2023-08-11,2023-08-14,72,Maharashtra,0.22516025602817535,23.732202148437523
2023-08-12,2023-08-15,72,Maharashtra,0.29421618580818176,23.561547851562523
2023-08-13,2023-08-16,72,Maharashtra,0.22282925248146057,23.477746582031273
2023-08-14,2023-08-17,72,Maharashtra,0.1285693496465683,23.481378173828148
2023-08-15,2023-08-18,72,Maharashtra,0.41200464963912964,23.485223388671898
2023-08-16,2023-08-19,72,Maharashtra,1.7303321361541748,23.154565429687523
2023-08-17,2023-08-20,72,Maharashtra,0.9884907007217407,22.036492919921898
2023-08-18,2023-08-21,72,Maharashtra,0.5421037077903748,22.191857910156273
2023-08-19,2023-08-22,72,Maharashtra,0.2660256326198578,23.044763183593773
2023-08-20,2023-08-23,72,Maharashtra,0.5547785758972168,23.396356201171898
2023-08-21,2023-08-24,72,Maharashtra,0.37485432624816895,23.579888916015648
2023-08-22,2023-08-25,72,Maharashtra,0.8342074751853943,23.618310546875023
2023-08-23,2023-08-26,72,Maharashtra,0.5730623602867126,23.317010498046898
2023-08-24,2023-08-27,72,Maharashtra,0.6321386694908142,22.896508789062523
2023-08-25,2023-08-28,72,Maharashtra,0.5394813418388367,22.892938232421898
2023-08-26,2023-08-29,72,Maharashtra,0.38760197162628174,22.754876708984398
2023-08-27,2023-08-30,72,Maharashtra,0.08457168191671371,23.096185302734398
2023-08-28,2023-08-31,72,Maharashtra,0.24562937021255493,24.043634033203148
2023-08-29,2023-09-01,72,Maharashtra,0.27513110637664795,24.131097412109398
2023-08-30,2023-09-02,72,Maharashtra,0.7981497645378113,24.218591308593773
2023-08-31,2023-09-03,72,Maharashtra,2.5438520908355713,23.885736083984398
2023-09-01,2023-09-04,72,Maharashtra,3.0729894638061523,23.486840820312523
2023-09-02,2023-09-05,72,Maharashtra,2.5182838439941406,22.739648437500023
2023-09-03,2023-09-06,72,Maharashtra,4.225597381591797,23.193109130859398
2023-09-04,2023-09-07,72,Maharashtra,4.707458972930908,23.350335693359398
2023-09-05,2023-09-08,72,Maharashtra,3.072115421295166,23.287927246093773
2023-09-06,2023-09-09,72,Maharashtra,1.317453384399414,23.059716796875023
2023-09-07,2023-09-10,72,Maharashtra,0.8268502354621887,23.264947509765648
2023-09-08,2023-09-11,72,Maharashtra,1.1809440851211548,22.862298583984398
2023-09-09,2023-09-12,72,Maharashtra,1.0552884340286255,23.056085205078148
2023-09-10,2023-09-13,72,Maharashtra,0.7787004709243774,22.900231933593773
2023-09-11,2023-09-14,72,Maharashtra,1.9029719829559326,22.907586669921898
2023-09-12,2023-09-15,72,Maharashtra,1.1813082695007324,22.671685791015648
2023-09-13,2023-09-16,72,Maharashtra,3.4718823432922363,22.567407226562523
2023-09-14,2023-09-17,72,Maharashtra,1.3350087404251099,22.018640136718773
2023-09-15,2023-09-18,72,Maharashtra,0.7526952028274536,22.302117919921898
2023-09-16,2023-09-19,72,Maharashtra,0.49832460284233093,23.078576660156273
2023-09-17,2023-09-20,72,Maharashtra,0.47931236028671265,23.479913330078148
2023-09-18,2023-09-21,72,Maharashtra,2.803467273712158,23.360498046875023
2023-09-19,2023-09-22,72,Maharashtra,4.62725830078125,23.234033203125023
2023-09-20,2023-09-23,72,Maharashtra,0.9696969985961914,22.797723388671898
2023-09-21,2023-09-24,72,Maharashtra,1.0257139205932617,22.579248046875023
2023-09-22,2023-09-25,72,Maharashtra,0.8326048851013184,22.799584960937523
2023-09-23,2023-09-26,72,Maharashtra,0.9565122127532959,22.740472412109398
2023-09-24,2023-09-27,72,Maharashtra,1.2469406127929688,23.270867919921898
2023-09-25,2023-09-28,72,Maharashtra,1.6345425844192505,23.657617187500023
2023-09-26,2023-09-29,72,Maharashtra,1.7009761333465576,23.666528320312523
2023-09-27,2023-09-30,72,Maharashtra,1.719041347503662,23.667108154296898
2023-09-28,2023-10-01,72,Maharashtra,2.283289670944214,23.502740478515648
2023-09-29,2023-10-02,72,Maharashtra,0.48878204822540283,23.233239746093773
2023-09-30,2023-10-03,72,Maharashtra,0.005026223603636026,22.011529541015648
