init_date,valid_date,lead_hours,region,forecast_precip_mm,forecast_temp_c,observed_precip_mm,regime,forecast_error_mm
2023-06-01,2023-06-04,72,Maharashtra,0.0437791384756565,29.631677246093773,3.740820407867432,break,-3.6970412693917756
2023-06-02,2023-06-05,72,Maharashtra,0.1243444085121154,29.118035888671898,0.1155939325690269,break,0.00875047594308849
2023-06-03,2023-06-06,72,Maharashtra,0.1331585049629211,29.167657470703148,0.2092629820108413,break,-0.0761044770479202
2023-06-04,2023-06-07,72,Maharashtra,0.0633741244673729,29.105584716796898,0.6966773271560669,break,-0.633303202688694
2023-06-05,2023-06-08,72,Maharashtra,0.0745192319154739,29.219110107421898,0.6524190306663513,break,-0.5778997987508774
2023-06-06,2023-06-09,72,Maharashtra,0.2062937021255493,28.972436523437523,0.7010871171951294,break,-0.4947934150695801
2023-06-07,2023-06-10,72,Maharashtra,0.2356497645378112,28.885186767578148,2.9256060123443604,break,-2.689956247806549
2023-06-08,2023-06-11,72,Maharashtra,0.6663752794265747,28.153405761718773,0.9341292977333068,break,-0.26775401830673207
2023-06-09,2023-06-12,72,Maharashtra,0.8638548851013184,27.850793457031276,0.6969135403633118,break,0.1669413447380066
2023-06-10,2023-06-13,72,Maharashtra,0.3527098000049591,28.462823486328148,0.4965474307537079,break,-0.14383763074874878
2023-06-11,2023-06-14,72,Maharashtra,0.2893356680870056,28.395166015625023,0.3376920223236084,break,-0.04835635423660278
2023-06-12,2023-06-15,72,Maharashtra,0.1500582695007324,28.221459960937523,0.0286991707980632,break,0.1213590987026692
2023-06-13,2023-06-16,72,Maharashtra,0.1525349617004394,28.219750976562523,0.102275975048542,break,0.0502589866518974
2023-06-14,2023-06-17,72,Maharashtra,0.1315559446811676,28.228814697265648,0.1849124580621719,break,-0.053356513381004306
2023-06-15,2023-06-18,72,Maharashtra,0.1277680695056915,28.570184326171898,0.4918260276317596,break,-0.3640579581260681
2023-06-16,2023-06-19,72,Maharashtra,0.1752622425556183,27.978692626953148,0.2789344787597656,break,-0.10367223620414734
2023-06-17,2023-06-20,72,Maharashtra,0.2990238964557647,28.227960205078148,1.0540201663970947,break,-0.75499626994133
2023-06-18,2023-06-21,72,Maharashtra,0.2749854326248169,27.981622314453148,2.353454351425171,break,-2.078468918800354
2023-06-19,2023-06-22,72,Maharashtra,0.2265442907810211,27.522637939453148,4.031919479370117,break,-3.805375188589096
2023-06-20,2023-06-23,72,Maharashtra,0.7903555035591125,26.944421386718773,8.026448249816895,break,-7.236092746257782
2023-06-21,2023-06-24,72,Maharashtra,1.4592074155807495,25.782861328125023,12.0182523727417,break,-10.55904495716095
2023-06-22,2023-06-25,72,Maharashtra,0.8625437021255493,25.819268798828148,8.153011322021484,break,-7.290467619895935
2023-06-23,2023-06-26,72,Maharashtra,1.5598047971725464,24.887872314453148,12.776752471923828,active,-11.216947674751282
2023-06-24,2023-06-27,72,Maharashtra,3.3782780170440674,24.5153747558594,17.421796798706055,active,-14.043518781661987
2023-06-25,2023-06-28,72,Maharashtra,2.508595466613769,24.134118652343773,17.285057067871094,active,-14.776461601257324
2023-06-26,2023-06-29,72,Maharashtra,1.6541374921798706,24.016778564453148,10.723336219787598,active,-9.069198727607727
2023-06-27,2023-06-30,72,Maharashtra,4.707458972930908,24.423913574218773,9.85964298248291,active,-5.152184009552002
2023-06-28,2023-07-01,72,Maharashtra,3.62128496170044,24.305627441406276,7.745876312255859,active,-4.12459135055542
2023-06-29,2023-07-02,72,Maharashtra,0.8717220425605774,25.220056152343773,5.358013153076172,active,-4.4862911105155945
2023-06-30,2023-07-03,72,Maharashtra,0.9441288113594056,25.920922851562523,6.387117385864258,break,-5.442988574504852
2023-07-01,2023-07-04,72,Maharashtra,5.275859355926514,25.533959960937523,22.743701934814453,active,-17.46784257888794
2023-07-02,2023-07-05,72,Maharashtra,6.257648468017578,24.824426269531276,15.740690231323242,active,-9.483041763305664
2023-07-03,2023-07-06,72,Maharashtra,5.169434547424316,24.239312744140648,15.159356117248535,active,-9.989921569824219
2023-07-04,2023-07-07,72,Maharashtra,6.26245641708374,23.759393310546898,13.584771156311035,active,-7.322314739227295
2023-07-05,2023-07-08,72,Maharashtra,1.856643319129944,23.953393554687523,12.035481452941896,active,-10.178838133811952
2023-07-06,2023-07-09,72,Maharashtra,0.8477563858032227,24.3159118652344,7.089992523193359,active,-6.242236137390137
2023-07-07,2023-07-10,72,Maharashtra,0.937062919139862,24.469140625000023,7.0074639320373535,active,-6.0704010128974915
2023-07-08,2023-07-11,72,Maharashtra,0.7275640964508057,24.432580566406276,16.543922424316406,active,-15.8163583278656
2023-07-09,2023-07-12,72,Maharashtra,1.0434149503707886,24.844018554687523,9.772382736206056,active,-8.728967785835268
2023-07-10,2023-07-13,72,Maharashtra,0.4139714539051056,24.108239746093773,9.175885200500488,active,-8.761913746595383
2023-07-11,2023-07-14,72,Maharashtra,0.5965909361839294,24.520318603515648,8.97434139251709,active,-8.37775045633316
2023-07-12,2023-07-15,72,Maharashtra,1.6061334609985352,24.690270996093773,13.9805908203125,active,-12.374457359313965
2023-07-13,2023-07-16,72,Maharashtra,2.8667685985565186,23.589654541015648,11.504498481750488,active,-8.63772988319397
2023-07-14,2023-07-17,72,Maharashtra,1.3306381702423096,23.482293701171898,17.234603881835938,active,-15.903965711593628
2023-07-15,2023-07-18,72,Maharashtra,1.402462124824524,23.737481689453148,35.33662414550781,active,-33.93416202068329
2023-07-16,2023-07-19,72,Maharashtra,1.7387092113494873,23.685205078125023,27.36490249633789,active,-25.626193284988403
2023-07-17,2023-07-20,72,Maharashtra,1.001019835472107,23.510156250000023,22.94440269470215,active,-21.94338285923004
2023-07-18,2023-07-21,72,Maharashtra,0.6302447319030762,23.6193786621094,31.932228088378903,active,-31.301983356475827
2023-07-19,2023-07-22,72,Maharashtra,1.8202214241027832,23.984582519531276,20.57537651062012,active,-18.755155086517338
2023-07-20,2023-07-23,72,Maharashtra,1.0571095943450928,23.685449218750023,13.58071231842041,active,-12.523602724075317
2023-07-21,2023-07-24,72,Maharashtra,1.6195367574691772,23.893762207031276,14.788373947143556,active,-13.16883718967438
2023-07-22,2023-07-25,72,Maharashtra,3.7198426723480233,23.542260742187523,22.808794021606445,active,-19.088951349258423
2023-07-23,2023-07-26,72,Maharashtra,5.508450031280518,23.558770751953148,37.872894287109375,active,-32.36444425582886
2023-07-24,2023-07-27,72,Maharashtra,8.20272445678711,23.475305175781276,37.262508392333984,active,-29.059783935546875
2023-07-25,2023-07-28,72,Maharashtra,5.023819923400879,23.592797851562523,10.083449363708496,active,-5.059629440307617
2023-07-26,2023-07-29,72,Maharashtra,1.6984994411468506,22.9252868652344,1.950772762298584,active,-0.2522733211517334
2023-07-27,2023-07-30,72,Maharashtra,0.5423222780227661,23.023797607421898,2.1207425594329834,active,-1.5784202814102173
2023-07-28,2023-07-31,72,Maharashtra,1.0381702184677124,23.714990234375023,3.168473958969116,active,-2.130303740501404
2023-07-29,2023-08-01,72,Maharashtra,3.620119571685791,23.7241149902344,3.967720031738281,break,-0.3476004600524898
2023-07-30,2023-08-02,72,Maharashtra,1.426573395729065,23.674249267578148,8.372653007507324,break,-6.946079611778259
2023-07-31,2023-08-03,72,Maharashtra,1.5634469985961914,23.586114501953148,12.81719207763672,break,-11.25374507904053
2023-08-01,2023-08-04,72,Maharashtra,1.1244173049926758,23.212579345703148,1.5575602054595947,break,-0.43314290046691895
2023-08-02,2023-08-05,72,Maharashtra,0.684003472328186,23.477838134765648,0.4436182081699371,break,0.24038526415824896
2023-08-03,2023-08-06,72,Maharashtra,0.3608683049678802,23.497644042968773,0.4888158738613128,break,-0.12794756889343262
2023-08-04,2023-08-07,72,Maharashtra,0.3956148028373718,23.488946533203148,0.4428153038024902,break,-0.04720050096511835
2023-08-05,2023-08-08,72,Maharashtra,0.2981497645378113,23.557580566406276,0.7529640793800354,break,-0.4548143148422241
2023-08-06,2023-08-09,72,Maharashtra,0.3714306652545929,23.367456054687523,0.6160570383071899,break,-0.24462637305259705
2023-08-07,2023-08-10,72,Maharashtra,0.5056818127632141,23.3762145996094,0.5485551357269287,break,-0.0428733229637146
2023-08-08,2023-08-11,72,Maharashtra,0.5127476453781128,23.667779541015648,0.6611539721488953,break,-0.14840632677078247
2023-08-09,2023-08-12,72,Maharashtra,0.4292686581611633,23.785668945312523,0.8925894498825073,break,-0.46332079172134405
2023-08-10,2023-08-13,72,Maharashtra,0.2612907886505127,23.409753417968773,0.7152494192123413,break,-0.4539586305618286
2023-08-11,2023-08-14,72,Maharashtra,0.2251602560281753,23.732202148437523,2.0754196643829346,break,-1.8502594083547592
2023-08-12,2023-08-15,72,Maharashtra,0.2942161858081817,23.561547851562523,1.2900809049606323,break,-0.9958647191524506
2023-08-13,2023-08-16,72,Maharashtra,0.2228292524814605,23.477746582031276,0.7786887288093567,break,-0.5558594763278962
2023-08-14,2023-08-17,72,Maharashtra,0.1285693496465683,23.481378173828148,8.64005184173584,break,-8.511482492089272
2023-08-15,2023-08-18,72,Maharashtra,0.4120046496391296,23.485223388671898,12.964486122131348,break,-12.552481472492218
2023-08-16,2023-08-19,72,Maharashtra,1.7303321361541748,23.154565429687523,13.712803840637209,break,-11.982471704483034
2023-08-17,2023-08-20,72,Maharashtra,0.9884907007217408,22.036492919921898,1.9119642972946167,break,-0.9234735965728759
2023-08-18,2023-08-21,72,Maharashtra,0.5421037077903748,22.191857910156276,0.4777061641216278,break,0.06439754366874695
2023-08-19,2023-08-22,72,Maharashtra,0.2660256326198578,23.044763183593773,1.3873212337493896,break,-1.1212956011295319
2023-08-20,2023-08-23,72,Maharashtra,0.5547785758972168,23.396356201171898,2.7913637161254883,break,-2.2365851402282715
2023-08-21,2023-08-24,72,Maharashtra,0.3748543262481689,23.579888916015648,3.543219804763794,break,-3.168365478515625
2023-08-22,2023-08-25,72,Maharashtra,0.8342074751853943,23.618310546875023,6.094995975494385,break,-5.2607885003089905
2023-08-23,2023-08-26,72,Maharashtra,0.5730623602867126,23.317010498046898,2.9580836296081543,break,-2.3850212693214417
2023-08-24,2023-08-27,72,Maharashtra,0.6321386694908142,22.896508789062523,1.8494079113006592,break,-1.217269241809845
2023-08-25,2023-08-28,72,Maharashtra,0.5394813418388367,22.892938232421898,1.0163356065750122,break,-0.47685426473617554
2023-08-26,2023-08-29,72,Maharashtra,0.3876019716262817,22.7548767089844,0.4644916951656341,break,-0.07688972353935242
2023-08-27,2023-08-30,72,Maharashtra,0.0845716819167137,23.0961853027344,0.3533019423484802,break,-0.2687302604317665
2023-08-28,2023-08-31,72,Maharashtra,0.2456293702125549,24.043634033203148,1.1320838928222656,break,-0.8864545226097107
2023-08-29,2023-09-01,72,Maharashtra,0.2751311063766479,24.1310974121094,1.3622562885284424,break,-1.0871251821517944
2023-08-30,2023-09-02,72,Maharashtra,0.7981497645378113,24.218591308593773,9.559320449829102,break,-8.76117068529129
2023-08-31,2023-09-03,72,Maharashtra,2.5438520908355717,23.8857360839844,13.777984619140623,break,-11.234132528305052
2023-09-01,2023-09-04,72,Maharashtra,3.0729894638061523,23.486840820312523,11.296725273132324,break,-8.223735809326172
2023-09-02,2023-09-05,72,Maharashtra,2.5182838439941406,22.739648437500023,10.156848907470703,active,-7.6385650634765625
2023-09-03,2023-09-06,72,Maharashtra,4.225597381591797,23.1931091308594,8.736355781555176,active,-4.510758399963379
2023-09-04,2023-09-07,72,Maharashtra,4.707458972930908,23.3503356933594,14.332871437072754,active,-9.625412464141846
2023-09-05,2023-09-08,72,Maharashtra,3.072115421295166,23.287927246093773,16.4732723236084,active,-13.401156902313232
2023-09-06,2023-09-09,72,Maharashtra,1.317453384399414,23.059716796875023,5.803734302520752,active,-4.486280918121338
2023-09-07,2023-09-10,72,Maharashtra,0.8268502354621887,23.264947509765648,4.745981693267822,active,-3.9191314578056335
2023-09-08,2023-09-11,72,Maharashtra,1.1809440851211548,22.8622985839844,2.357877492904663,active,-1.1769334077835083
2023-09-09,2023-09-12,72,Maharashtra,1.0552884340286257,23.056085205078148,2.210803747177124,break,-1.1555153131484983
2023-09-10,2023-09-13,72,Maharashtra,0.7787004709243774,22.900231933593773,4.986971855163574,break,-4.208271384239197
2023-09-11,2023-09-14,72,Maharashtra,1.9029719829559328,22.907586669921898,9.590147018432615,break,-7.687175035476683
2023-09-12,2023-09-15,72,Maharashtra,1.1813082695007324,22.671685791015648,16.538307189941406,break,-15.356998920440674
2023-09-13,2023-09-16,72,Maharashtra,3.4718823432922363,22.567407226562523,13.949082374572754,active,-10.477200031280518
2023-09-14,2023-09-17,72,Maharashtra,1.33500874042511,22.018640136718773,3.0475807189941406,active,-1.7125719785690305
2023-09-15,2023-09-18,72,Maharashtra,0.7526952028274536,22.302117919921898,0.9067911505699158,active,-0.15409594774246216
2023-09-16,2023-09-19,72,Maharashtra,0.4983246028423309,23.078576660156276,0.9034242630004884,break,-0.4050996601581575
2023-09-17,2023-09-20,72,Maharashtra,0.4793123602867126,23.479913330078148,6.760038375854492,break,-6.2807260155677795
2023-09-18,2023-09-21,72,Maharashtra,2.803467273712158,23.360498046875023,19.320316314697266,break,-16.516849040985107
2023-09-19,2023-09-22,72,Maharashtra,4.62725830078125,23.234033203125023,12.22842788696289,break,-7.601169586181641
2023-09-20,2023-09-23,72,Maharashtra,0.9696969985961914,22.797723388671898,14.885294914245604,active,-13.915597915649412
2023-09-21,2023-09-24,72,Maharashtra,1.0257139205932615,22.579248046875023,9.552360534667969,active,-8.526646614074707
2023-09-22,2023-09-25,72,Maharashtra,0.8326048851013184,22.799584960937523,6.588942050933838,active,-5.7563371658325195
2023-09-23,2023-09-26,72,Maharashtra,0.956512212753296,22.7404724121094,11.853008270263672,active,-10.896496057510376
2023-09-24,2023-09-27,72,Maharashtra,1.2469406127929688,23.270867919921898,4.674537658691406,active,-3.4275970458984375
2023-09-25,2023-09-28,72,Maharashtra,1.6345425844192505,23.657617187500023,7.275720596313477,break,-5.641178011894226
2023-09-26,2023-09-29,72,Maharashtra,1.7009761333465576,23.666528320312523,10.696734428405762,active,-8.995758295059204
2023-09-27,2023-09-30,72,Maharashtra,1.719041347503662,23.667108154296898,8.521261215209961,active,-6.802219867706299
